{
  "total_trades": 82,
  "wins": 30,
  "losses": 41,
  "total_profit": -1700.0,
  "win_rate": 0.36585365853658536,
  "avg_profit": -20.73170731707317,
  "hourly_performance": "      count   mean\nhour              \n0         6  0.833\n1         5  0.600\n2         1  1.000\n13        5  0.000\n14        5  0.400\n15        6  0.000\n16        5  0.400\n17        6  0.500\n18        5  0.400\n19        6  0.667\n20        5  0.600\n21        6  0.167\n22        5  0.400\n23        5  0.400"
}