,accuracy,precision,recall,f1,win_rate
train,0.9111111111111111,0.875968992248062,1.0,0.9338842975206612,0.9111111111111111
validation,0.7833333333333333,0.8823529411764706,0.5769230769230769,0.6976744186046512,0.7833333333333333
test,0.31666666666666665,0.2807017543859649,1.0,0.4383561643835616,0.31666666666666665
